label_name,bbox_x,bbox_y,bbox_width,bbox_height,image_name,image_width,image_height
Car,1792,1378,434,403,frameV10.jpg,3840,2160
Car,2319,1363,484,399,frameV10.jpg,3840,2160
Car,2969,1343,557,391,frameV10.jpg,3840,2160
Car,1564,1351,333,302,frameV10.jpg,3840,2160
Car,2690,1308,290,360,frameV10.jpg,3840,2160
Bus,1312,1200,298,368,frameV10.jpg,3840,2160
Car,2787,1459,1053,701,frameV1100.jpg,3840,2160
Car,2206,1397,523,395,frameV1100.jpg,3840,2160
Car,1707,1440,488,426,frameV1100.jpg,3840,2160
Car,1479,1382,329,321,frameV1100.jpg,3840,2160
Car,2675,1378,244,364,frameV1100.jpg,3840,2160
Bus,1092,1243,426,418,frameV1100.jpg,3840,2160
Bus,712,1103,790,747,frameV11000.jpg,3840,2160
Car,2117,1471,530,321,frameV11000.jpg,3840,2160
Car,2485,1359,345,310,frameV11000.jpg,3840,2160
Car,1750,1409,147,124,frameV11000.jpg,3840,2160
Car,1846,1711,0,4,frameV11000.jpg,3840,2160
Car,2234,1463,596,379,frameV11020.jpg,3840,2160
Car,2508,1351,414,333,frameV11020.jpg,3840,2160
Car,2094,1382,244,232,frameV11020.jpg,3840,2160
Car,1901,1374,120,182,frameV11020.jpg,3840,2160
Car,1773,1366,124,174,frameV11020.jpg,3840,2160
Bus,770,1103,732,747,frameV11020.jpg,3840,2160
Bus,786,1119,639,689,frameV11040.jpg,3840,2160
Car,2423,1452,716,422,frameV11040.jpg,3840,2160
Car,2106,1397,271,197,frameV11040.jpg,3840,2160
Car,1916,1374,132,147,frameV11040.jpg,3840,2160
Car,1761,1374,151,116,frameV11040.jpg,3840,2160
Car,2919,1432,921,681,frameV11080.jpg,3840,2160
Car,2663,1293,538,403,frameV11080.jpg,3840,2160
Car,2152,1390,325,201,frameV11080.jpg,3840,2160
Car,1920,1359,182,182,frameV11080.jpg,3840,2160
Car,1773,1363,143,124,frameV11080.jpg,3840,2160
Bus,790,1057,670,743,frameV11080.jpg,3840,2160
Car,2915,1281,766,515,frameV11120.jpg,3840,2160
Bus,778,1080,716,712,frameV11120.jpg,3840,2160
Car,2245,1382,333,236,frameV11120.jpg,3840,2160
Car,2117,1401,159,174,frameV11120.jpg,3840,2160
Car,1970,1351,159,182,frameV11120.jpg,3840,2160
Car,1800,1366,170,143,frameV11120.jpg,3840,2160
Car,3101,1305,739,519,frameV11140.jpg,3840,2160
Car,2299,1386,348,263,frameV11140.jpg,3840,2160
Car,2164,1394,170,248,frameV11140.jpg,3840,2160
Car,1997,1374,205,166,frameV11140.jpg,3840,2160
Car,1796,1378,225,135,frameV11140.jpg,3840,2160
Car,3259,1250,581,646,frameV11160.jpg,3840,2160
Car,2350,1397,383,283,frameV11160.jpg,3840,2160
Car,2168,1409,255,217,frameV11160.jpg,3840,2160
Car,2032,1370,186,205,frameV11160.jpg,3840,2160
Car,1804,1386,201,147,frameV11160.jpg,3840,2160
Car,1688,1425,453,418,frameV1120.jpg,3840,2160
Car,2191,1382,511,399,frameV1120.jpg,3840,2160
Car,2857,1370,581,430,frameV1120.jpg,3840,2160
Car,1475,1366,290,317,frameV1120.jpg,3840,2160
Bus,1053,1212,449,391,frameV1120.jpg,3840,2160
Bus,763,1084,747,755,frameV11200.jpg,3840,2160
Car,2501,1409,465,314,frameV11200.jpg,3840,2160
Car,2241,1425,275,240,frameV11200.jpg,3840,2160
Car,2071,1401,186,205,frameV11200.jpg,3840,2160
Car,1831,1401,205,143,frameV11200.jpg,3840,2160
Car,2865,1394,705,418,frameV11260.jpg,3840,2160
Car,2292,1444,387,279,frameV11260.jpg,3840,2160
Car,2175,1401,201,255,frameV11260.jpg,3840,2160
Car,1877,1432,244,147,frameV11260.jpg,3840,2160
Car,1715,1394,120,124,frameV11260.jpg,3840,2160
Bus,747,1123,720,743,frameV11260.jpg,3840,2160
Bus,708,1169,774,782,frameV11340.jpg,3840,2160
Car,2481,1564,538,348,frameV11340.jpg,3840,2160
Car,1997,1506,248,166,frameV11340.jpg,3840,2160
Car,1754,1479,155,128,frameV11340.jpg,3840,2160
Car,2748,1552,759,538,frameV11380.jpg,3840,2160
Car,2067,1529,298,213,frameV11380.jpg,3840,2160
Car,1932,1498,182,182,frameV11380.jpg,3840,2160
Car,1781,1490,147,170,frameV11380.jpg,3840,2160
Semi-Truck,1595,1413,182,159,frameV11380.jpg,3840,2160
Bus,759,1188,681,747,frameV11380.jpg,3840,2160
Car,2849,1378,600,383,frameV1140.jpg,3840,2160
Car,2175,1405,538,395,frameV1140.jpg,3840,2160
Car,1703,1444,426,399,frameV1140.jpg,3840,2160
Car,1444,1355,379,333,frameV1140.jpg,3840,2160
Bus,1045,1196,387,488,frameV1140.jpg,3840,2160
Car,2249,1490,317,255,frameV11460.jpg,3840,2160
Bus,852,1188,697,720,frameV11460.jpg,3840,2160
Car,3511,1452,329,596,frameV11460.jpg,3840,2160
Car,2052,1455,252,213,frameV11460.jpg,3840,2160
Car,1858,1459,194,166,frameV11460.jpg,3840,2160
Semi-Truck,1614,1366,178,159,frameV11460.jpg,3840,2160
Bus,805,1134,817,747,frameV11480.jpg,3840,2160
Car,2303,1494,345,236,frameV11480.jpg,3840,2160
Car,2071,1444,252,236,frameV11480.jpg,3840,2160
Car,1893,1432,194,213,frameV11480.jpg,3840,2160
Semi-Truck,1606,1324,139,221,frameV11480.jpg,3840,2160
Bus,805,1150,879,794,frameV11500.jpg,3840,2160
Car,2369,1452,395,317,frameV11500.jpg,3840,2160
Car,2125,1421,275,290,frameV11500.jpg,3840,2160
Car,1905,1425,221,240,frameV11500.jpg,3840,2160
Bus,763,937,1351,1053,frameV11580.jpg,3840,2160
Car,2783,1417,670,422,frameV11580.jpg,3840,2160
Car,2315,1374,437,321,frameV11580.jpg,3840,2160
Car,2071,1386,236,228,frameV11580.jpg,3840,2160
Bus,848,844,1703,1285,frameV11620.jpg,3840,2160
Car,3213,1390,627,585,frameV11620.jpg,3840,2160
Car,2532,1370,480,375,frameV11620.jpg,3840,2160
Bus,871,763,1935,1370,frameV11640.jpg,3840,2160
Car,2772,1332,414,422,frameV11640.jpg,3840,2160
Bus,886,677,2454,1475,frameV11660.jpg,3840,2160
Bus,945,534,2892,1610,frameV11680.jpg,3840,2160
Bus,999,240,2841,1920,frameV11700.jpg,3840,2160
Bus,1037,1049,670,782,frameV11780.jpg,3840,2160
Car,0,1583,2183,577,frameV1180.jpg,3840,2160
Car,2822,1343,650,422,frameV1180.jpg,3840,2160
Car,2191,1370,492,406,frameV1180.jpg,3840,2160
Car,1680,1444,461,391,frameV1180.jpg,3840,2160
Car,1455,1335,321,387,frameV1180.jpg,3840,2160
Car,2640,1320,217,391,frameV1180.jpg,3840,2160
Bus,1041,1200,406,368,frameV1180.jpg,3840,2160
Bus,1099,1076,794,766,frameV11800.jpg,3840,2160
Bus,1076,1003,975,898,frameV11820.jpg,3840,2160
Bus,1057,1006,1126,871,frameV11840.jpg,3840,2160
Bus,1084,929,1204,1006,frameV11860.jpg,3840,2160
Bus,1084,894,1394,1130,frameV11880.jpg,3840,2160
Bus,1115,828,1730,1281,frameV11900.jpg,3840,2160
Bus,1181,763,2001,1382,frameV11920.jpg,3840,2160
Bus,1262,1192,310,345,frameV120.jpg,3840,2160
Car,2981,1343,542,372,frameV120.jpg,3840,2160
Car,2710,1351,267,314,frameV120.jpg,3840,2160
Car,2280,1363,484,375,frameV120.jpg,3840,2160
Car,1769,1394,484,399,frameV120.jpg,3840,2160
Car,1529,1305,348,391,frameV120.jpg,3840,2160
Car,1603,1521,2237,639,frameV1200.jpg,3840,2160
Car,2880,1366,573,345,frameV1200.jpg,3840,2160
Car,1684,1444,465,325,frameV1200.jpg,3840,2160
Car,1444,1370,317,345,frameV1200.jpg,3840,2160
Bus,972,1212,468,437,frameV1200.jpg,3840,2160
Car,1684,1359,465,449,frameV1380.jpg,3840,2160
Bus,894,1111,480,538,frameV1380.jpg,3840,2160
Car,2164,1301,449,379,frameV1380.jpg,3840,2160
Car,2865,1293,600,422,frameV1380.jpg,3840,2160
Car,2601,1266,228,426,frameV1380.jpg,3840,2160
Car,1421,1297,368,410,frameV1380.jpg,3840,2160
Car,0,1455,960,705,frameV140.jpg,3840,2160
Car,1723,1405,488,418,frameV140.jpg,3840,2160
Car,2265,1332,503,406,frameV140.jpg,3840,2160
Car,2895,1339,639,372,frameV140.jpg,3840,2160
Car,1514,1324,341,329,frameV140.jpg,3840,2160
Bus,1223,1204,341,372,frameV140.jpg,3840,2160
Bus,859,1126,476,503,frameV1420.jpg,3840,2160
Car,2957,1301,677,476,frameV1420.jpg,3840,2160
Car,2559,1320,360,337,frameV1420.jpg,3840,2160
Car,2195,1332,476,383,frameV1420.jpg,3840,2160
Car,1761,1386,526,457,frameV1420.jpg,3840,2160
Car,1413,1297,364,372,frameV1420.jpg,3840,2160
Car,3019,1320,794,495,frameV1440.jpg,3840,2160
Car,2617,1332,306,325,frameV1440.jpg,3840,2160
Car,2222,1343,437,383,frameV1440.jpg,3840,2160
Car,1800,1432,646,468,frameV1440.jpg,3840,2160
Car,1417,1328,372,360,frameV1440.jpg,3840,2160
Bus,844,1103,523,557,frameV1440.jpg,3840,2160
Car,3151,1305,689,577,frameV1460.jpg,3840,2160
Car,1846,1459,817,561,frameV1460.jpg,3840,2160
Car,1366,1316,480,430,frameV1460.jpg,3840,2160
Car,2636,1343,290,337,frameV1460.jpg,3840,2160
Car,2265,1359,1223,801,frameV1500.jpg,3840,2160
Car,1877,1347,441,352,frameV1500.jpg,3840,2160
Car,1397,1305,519,461,frameV1500.jpg,3840,2160
Car,2663,1351,1177,809,frameV1520.jpg,3840,2160
Car,1897,1347,441,372,frameV1520.jpg,3840,2160
Car,1428,1301,546,476,frameV1520.jpg,3840,2160
Car,2574,1297,821,639,frameV1540.jpg,3840,2160
Car,2326,1366,298,263,frameV1540.jpg,3840,2160
Car,1974,1328,379,368,frameV1540.jpg,3840,2160
Car,1467,1301,581,492,frameV1540.jpg,3840,2160
Car,2745,1277,1095,782,frameV1560.jpg,3840,2160
Car,2412,1366,317,275,frameV1560.jpg,3840,2160
Car,2040,1355,372,356,frameV1560.jpg,3840,2160
Car,1498,1332,612,519,frameV1560.jpg,3840,2160
Bus,825,1119,592,585,frameV1560.jpg,3840,2160
Car,85,1517,2292,643,frameV160.jpg,3840,2160
Car,2895,1355,604,426,frameV160.jpg,3840,2160
Car,2679,1390,275,317,frameV160.jpg,3840,2160
Car,2257,1397,476,379,frameV160.jpg,3840,2160
Car,1761,1432,437,333,frameV160.jpg,3840,2160
Car,1537,1355,294,290,frameV160.jpg,3840,2160
Bus,1150,1239,372,329,frameV160.jpg,3840,2160
Bus,871,1165,573,596,frameV1600.jpg,3840,2160
Car,1661,1312,701,650,frameV1600.jpg,3840,2160
Car,2234,1409,317,341,frameV1600.jpg,3840,2160
Car,2505,1413,375,290,frameV1600.jpg,3840,2160
Car,2938,1351,689,449,frameV1600.jpg,3840,2160
Car,1924,1258,1374,902,frameV1680.jpg,3840,2160
Car,3112,1413,341,379,frameV1680.jpg,3840,2160
Car,1645,1467,348,321,frameV1680.jpg,3840,2160
Bus,852,1123,643,685,frameV1680.jpg,3840,2160
Car,2272,1459,406,360,frameV1740.jpg,3840,2160
Bus,809,1142,705,732,frameV1740.jpg,3840,2160
Car,1788,1494,495,410,frameV1740.jpg,3840,2160
Car,1657,1436,197,166,frameV1740.jpg,3840,2160
Car,2671,1459,364,259,frameV1760.jpg,3840,2160
Car,2295,1455,534,445,frameV1760.jpg,3840,2160
Car,1785,1502,577,503,frameV1760.jpg,3840,2160
Car,1637,1425,252,174,frameV1760.jpg,3840,2160
Car,1548,1537,2292,623,frameV180.jpg,3840,2160
Car,2903,1386,631,345,frameV180.jpg,3840,2160
Car,1498,1386,310,248,frameV180.jpg,3840,2160
Car,1881,1560,770,592,frameV1800.jpg,3840,2160
Car,2566,1475,600,503,frameV1800.jpg,3840,2160
Car,3012,1436,290,345,frameV1800.jpg,3840,2160
Car,1688,1452,197,178,frameV1800.jpg,3840,2160
Car,2106,1537,1169,623,frameV1840.jpg,3840,2160
Car,3031,1459,778,689,frameV1840.jpg,3840,2160
Car,1719,1455,232,197,frameV1840.jpg,3840,2160
Car,2388,1444,635,476,frameV1880.jpg,3840,2160
Car,2861,1425,410,267,frameV1880.jpg,3840,2160
Car,2141,1397,298,283,frameV1880.jpg,3840,2160
Car,1777,1483,271,201,frameV1880.jpg,3840,2160
Car,1990,1421,163,197,frameV1880.jpg,3840,2160
Car,2590,1448,685,526,frameV1900.jpg,3840,2160
Car,3120,1409,341,441,frameV1900.jpg,3840,2160
Car,2172,1405,368,298,frameV1900.jpg,3840,2160
Car,1827,1494,294,225,frameV1900.jpg,3840,2160
Car,0,870,723,354,frameV20.jpg,2560,1440
Van,1017,834,258,212,frameV20.jpg,2560,1440
Car,872,906,155,126,frameV20.jpg,2560,1440
Van,890,805,341,258,frameV220.jpg,2560,1440
Van,723,803,467,323,frameV240.jpg,2560,1440
Van,268,761,810,480,frameV260.jpg,2560,1440
Car,1141,898,163,145,frameV260.jpg,2560,1440
Van,0,671,846,766,frameV280.jpg,2560,1440
Car,1115,870,199,181,frameV280.jpg,2560,1440
Car,1107,880,201,175,frameV2100.jpg,2560,1440
Car,1383,903,199,173,frameV2180.jpg,2560,1440
Car,1453,932,204,150,frameV2200.jpg,2560,1440
Car,859,916,173,150,frameV2200.jpg,2560,1440
Car,299,2397,401,423,frameV30.jpg,2160,3840
Car,890,2338,271,282,frameV30.jpg,2160,3840
Car,1357,1980,212,233,frameV30.jpg,2160,3840
Car,588,2222,230,219,frameV30.jpg,2160,3840
Car,933,2183,232,163,frameV30.jpg,2160,3840
Car,966,2072,154,135,frameV30.jpg,2160,3840
Car,708,2135,158,128,frameV30.jpg,2160,3840
Car,788,2068,128,108,frameV30.jpg,2160,3840
Motorcycle ,621,2081,91,150,frameV30.jpg,2160,3840
Van,747,1874,126,111,frameV30.jpg,2160,3840
Car,1016,1955,111,119,frameV30.jpg,2160,3840
Car,840,1981,121,87,frameV30.jpg,2160,3840
Car,169,2479,358,488,frameV320.jpg,2160,3840
Car,906,2453,306,322,frameV320.jpg,2160,3840
Car,1382,2080,201,163,frameV320.jpg,2160,3840
Car,900,2240,284,214,frameV320.jpg,2160,3840
Car,546,2275,262,246,frameV320.jpg,2160,3840
Car,680,2147,185,169,frameV320.jpg,2160,3840
Car,760,2074,134,121,frameV320.jpg,2160,3840
Car,935,2099,144,137,frameV320.jpg,2160,3840
Car,808,1975,131,121,frameV320.jpg,2160,3840
Car,970,1962,153,105,frameV320.jpg,2160,3840
Motorcycle ,584,2077,108,214,frameV320.jpg,2160,3840
Car,1553,2562,409,388,frameV3100.jpg,2160,3840
Car,731,2670,421,434,frameV3100.jpg,2160,3840
Car,88,2624,455,567,frameV3100.jpg,2160,3840
Car,430,2341,271,334,frameV3100.jpg,2160,3840
Car,935,2307,292,254,frameV3100.jpg,2160,3840
Car,710,2195,284,196,frameV3100.jpg,2160,3840
Car,681,2057,200,159,frameV3100.jpg,2160,3840
Motorcycle ,422,2174,146,196,frameV3100.jpg,2160,3840
Motorcycle ,1803,1736,75,125,frameV3100.jpg,2160,3840
Motorcycle ,341,2194,153,251,frameV3140.jpg,2160,3840
Motorcycle ,1697,1632,59,108,frameV3140.jpg,2160,3840
Car,1105,2569,429,399,frameV3140.jpg,2160,3840
Car,780,2332,316,291,frameV3140.jpg,2160,3840
Car,292,2569,424,449,frameV3140.jpg,2160,3840
Car,0,3037,346,803,frameV3140.jpg,2160,3840
Car,632,2115,232,242,frameV3140.jpg,2160,3840
Car,847,2043,178,184,frameV3140.jpg,2160,3840
Van,947,1787,130,160,frameV3140.jpg,2160,3840
Car,642,2004,178,121,frameV3140.jpg,2160,3840
Motorcycle ,252,2293,133,251,frameV3180.jpg,2160,3840
Car,1016,2643,528,463,frameV3180.jpg,2160,3840
Car,553,2253,276,271,frameV3180.jpg,2160,3840
Car,809,2130,261,227,frameV3180.jpg,2160,3840
Car,0,2919,597,730,frameV3180.jpg,2160,3840
Car,585,2049,165,197,frameV3180.jpg,2160,3840
Car,836,1990,180,148,frameV3180.jpg,2160,3840
Car,765,1933,126,113,frameV3180.jpg,2160,3840
Van,915,1802,153,160,frameV3180.jpg,2160,3840
Car,326,2636,499,624,frameV3300.jpg,2160,3840
Van,789,1840,225,288,frameV3300.jpg,2160,3840
Car,1060,2366,384,384,frameV3300.jpg,2160,3840
Car,393,2270,280,300,frameV3300.jpg,2160,3840
Car,510,2115,213,204,frameV3300.jpg,2160,3840
Car,0,1919,526,234,frameV3300.jpg,2160,3840
Car,218,2359,363,391,frameV3360.jpg,2160,3840
Car,435,2159,233,293,frameV3360.jpg,2160,3840
Van,803,1947,277,363,frameV3360.jpg,2160,3840
Car,0,3043,554,797,frameV3360.jpg,2160,3840
Car,614,1931,141,152,frameV3360.jpg,2160,3840
Car,693,1786,125,139,frameV3360.jpg,2160,3840
Van,899,1737,135,178,frameV3360.jpg,2160,3840
Van,842,1995,311,394,frameV3380.jpg,2160,3840
Van,882,1750,146,194,frameV3380.jpg,2160,3840
Car,371,2229,305,314,frameV3380.jpg,2160,3840
Car,43,2566,442,385,frameV3380.jpg,2160,3840
Car,568,1978,174,171,frameV3380.jpg,2160,3840
Car,318,2311,320,380,frameV3400.jpg,2160,3840
Car,537,2018,198,193,frameV3400.jpg,2160,3840
Car,789,1966,171,165,frameV3400.jpg,2160,3840
Van,863,2083,399,472,frameV3400.jpg,2160,3840
Van,849,1790,168,201,frameV3400.jpg,2160,3840
Van,1027,2314,600,788,frameV3440.jpg,2160,3840
Van,824,1824,195,195,frameV3440.jpg,2160,3840
Car,750,2047,195,167,frameV3440.jpg,2160,3840
Car,472,2161,239,215,frameV3440.jpg,2160,3840
Van,1145,2582,862,1193,frameV3460.jpg,2160,3840
Car,0,2902,440,748,frameV3460.jpg,2160,3840
Car,448,2237,262,278,frameV3460.jpg,2160,3840
Car,721,2077,212,179,frameV3460.jpg,2160,3840
Car,1216,1702,138,163,frameV3460.jpg,2160,3840
Van,1973,1686,187,244,frameV3460.jpg,2160,3840
Van,800,1844,185,206,frameV3460.jpg,2160,3840
Car,1734,1733,138,129,frameV3460.jpg,2160,3840
Car,1718,1602,129,104,frameV3460.jpg,2160,3840
Car,1521,1541,77,97,frameV3460.jpg,2160,3840
Car,234,2880,613,667,frameV3520.jpg,2160,3840
Car,1292,1882,239,239,frameV3520.jpg,2160,3840
Car,608,2262,296,328,frameV3520.jpg,2160,3840
Van,339,2069,258,309,frameV3520.jpg,2160,3840
Car,518,1969,184,152,frameV3520.jpg,2160,3840
Van,749,1896,231,285,frameV3520.jpg,2160,3840
Van,1709,1524,163,195,frameV3520.jpg,2160,3840
Car,264,2751,535,639,frameV3580.jpg,2160,3840
Car,1353,2367,434,508,frameV3580.jpg,2160,3840
Car,624,2417,368,430,frameV3580.jpg,2160,3840
Car,0,2348,372,527,frameV3580.jpg,2160,3840
Car,384,2123,256,263,frameV3580.jpg,2160,3840
Car,783,1894,186,139,frameV3580.jpg,2160,3840
Car,616,1755,128,120,frameV3580.jpg,2160,3840
Van,640,2046,391,387,frameV3580.jpg,2160,3840
Van,532,2213,521,792,frameV3620.jpg,2160,3840
Car,256,2999,651,689,frameV3620.jpg,2160,3840
Car,986,2201,294,348,frameV3620.jpg,2160,3840
Car,192,2316,309,345,frameV3620.jpg,2160,3840
Car,782,1991,201,214,frameV3620.jpg,2160,3840
Car,766,1838,167,134,frameV3620.jpg,2160,3840
Car,551,1800,163,123,frameV3620.jpg,2160,3840
Car,689,1738,119,94,frameV3620.jpg,2160,3840
Car,849,1763,121,86,frameV3620.jpg,2160,3840
Car,1913,1638,156,165,frameV3620.jpg,2160,3840
Car,1659,1489,108,104,frameV3620.jpg,2160,3840
Van,1519,1331,104,121,frameV3620.jpg,2160,3840
Car,1135,1371,96,75,frameV3620.jpg,2160,3840
Van,348,2392,678,1063,frameV3640.jpg,2160,3840
Car,1053,2316,423,488,frameV3640.jpg,2160,3840
Car,0,2457,440,434,frameV3640.jpg,2160,3840
Motorcycle ,38,2300,214,222,frameV3640.jpg,2160,3840
Car,784,2077,271,241,frameV3640.jpg,2160,3840
Car,776,1847,163,138,frameV3640.jpg,2160,3840
Car,521,1817,157,165,frameV3640.jpg,2160,3840
Car,825,1760,152,122,frameV3640.jpg,2160,3840
Car,654,1741,141,100,frameV3640.jpg,2160,3840
Van,28,2652,965,1188,frameV3660.jpg,2160,3840
Car,1194,2614,607,629,frameV3660.jpg,2160,3840
Car,776,2153,320,374,frameV3660.jpg,2160,3840
Van,1491,1267,82,102,frameV3660.jpg,2160,3840
Car,749,1870,182,169,frameV3660.jpg,2160,3840
Car,456,1857,206,178,frameV3660.jpg,2160,3840
Car,623,1762,130,106,frameV3660.jpg,2160,3840
Car,812,1783,154,100,frameV3660.jpg,2160,3840
Car,1180,1399,91,89,frameV3660.jpg,2160,3840
Motorcycle ,1226,1319,41,72,frameV3660.jpg,2160,3840
Car,793,2457,499,499,frameV3780.jpg,2160,3840
Motorcycle ,1274,1524,94,150,frameV3780.jpg,2160,3840
Car,695,1927,248,176,frameV3780.jpg,2160,3840
Car,383,1989,212,220,frameV3780.jpg,2160,3840
Car,465,1829,178,168,frameV3780.jpg,2160,3840
Car,775,1795,165,114,frameV3780.jpg,2160,3840
Car,1341,1689,155,139,frameV3780.jpg,2160,3840
Car,1919,1606,207,181,frameV3780.jpg,2160,3840
Motorcycle ,1723,1467,67,101,frameV3780.jpg,2160,3840
Car,1483,1441,98,72,frameV3780.jpg,2160,3840
Van,1612,1534,132,145,frameV3780.jpg,2160,3840
Car,581,1738,134,129,frameV3780.jpg,2160,3840
Car,1235,1439,96,80,frameV3780.jpg,2160,3840
Motorcycle ,1308,1596,71,127,frameV3800.jpg,2160,3840
Motorcycle ,1686,1439,50,92,frameV3800.jpg,2160,3840
Car,1385,1767,190,167,frameV3800.jpg,2160,3840
Car,1849,1579,161,142,frameV3800.jpg,2160,3840
Van,1548,1481,115,134,frameV3800.jpg,2160,3840
Car,1452,1410,83,63,frameV3800.jpg,2160,3840
Car,1244,1492,123,96,frameV3800.jpg,2160,3840
Car,290,2078,277,280,frameV3800.jpg,2160,3840
Car,701,1980,227,221,frameV3800.jpg,2160,3840
Car,753,1827,175,154,frameV3800.jpg,2160,3840
Car,432,1880,190,198,frameV3800.jpg,2160,3840
Car,547,1761,163,144,frameV3800.jpg,2160,3840
Car,649,1669,127,106,frameV3800.jpg,2160,3840
Car,816,1711,127,102,frameV3800.jpg,2160,3840
Motorcycle ,1376,1738,104,185,frameV3840.jpg,2160,3840
Car,30,2359,380,367,frameV3840.jpg,2160,3840
Car,636,2150,291,264,frameV3840.jpg,2160,3840
Car,1549,2007,296,279,frameV3840.jpg,2160,3840
Car,343,1994,242,222,frameV3840.jpg,2160,3840
Car,755,1916,212,192,frameV3840.jpg,2160,3840
Car,461,1827,212,178,frameV3840.jpg,2160,3840
Car,1309,1570,141,133,frameV3840.jpg,2160,3840
Car,575,1733,173,116,frameV3840.jpg,2160,3840
Car,774,1765,148,54,frameV3840.jpg,2160,3840
Motorcycle ,1470,1999,157,306,frameV3880.jpg,2160,3840
Car,1375,1711,203,179,frameV3880.jpg,2160,3840
Car,733,2037,263,274,frameV3880.jpg,2160,3840
Car,442,2392,409,450,frameV3880.jpg,2160,3840
Car,158,2178,312,287,frameV3880.jpg,2160,3840
Car,407,1923,193,198,frameV3880.jpg,2160,3840
Car,722,1912,222,130,frameV3880.jpg,2160,3840
Car,722,1814,171,130,frameV3880.jpg,2160,3840
Car,513,1793,160,157,frameV3880.jpg,2160,3840
Car,757,1727,155,108,frameV3880.jpg,2160,3840
Motorcycle ,1570,2227,177,357,frameV3900.jpg,2160,3840
Motorcycle ,1660,2701,304,580,frameV3920.jpg,2160,3840
Car,2323,1514,379,341,frameV40.jpg,3840,2160
Car,1839,1274,225,236,frameV40.jpg,3840,2160
Car,1223,1003,174,132,frameV40.jpg,3840,2160
Car,1738,1545,356,310,frameV460.jpg,3840,2160
Car,2175,1165,194,186,frameV460.jpg,3840,2160
Car,1928,1084,124,139,frameV460.jpg,3840,2160
Car,921,1099,205,163,frameV460.jpg,3840,2160
Car,2423,1695,495,465,frameV4100.jpg,3840,2160
Car,1835,1227,217,194,frameV4100.jpg,3840,2160
Car,503,1208,294,221,frameV4100.jpg,3840,2160
Car,2110,1088,178,116,frameV4100.jpg,3840,2160
Car,1943,1018,128,93,frameV4100.jpg,3840,2160
Car,143,1305,395,275,frameV4120.jpg,3840,2160
Car,2284,1475,387,317,frameV4120.jpg,3840,2160
Car,1866,1165,170,159,frameV4120.jpg,3840,2160
Car,2129,1034,120,112,frameV4120.jpg,3840,2160
Car,1955,999,112,74,frameV4120.jpg,3840,2160
Car,2261,1502,360,345,frameV4260.jpg,3840,2160
Car,1192,1018,151,120,frameV4260.jpg,3840,2160
Car,387,1227,329,263,frameV4360.jpg,3840,2160
Car,12,1332,387,352,frameV4380.jpg,3840,2160
Car,1508,982,85,68,frameV4480.jpg,3840,2160
Van,1466,915,100,92,frameV4480.jpg,3840,2160
Semi-Truck,2044,785,103,74,frameV4480.jpg,3840,2160
Car,2129,937,71,58,frameV4480.jpg,3840,2160
Car,1605,940,97,76,frameV4480.jpg,3840,2160
Car,1159,1103,166,142,frameV4560.jpg,3840,2160
Car,1374,1026,157,108,frameV4560.jpg,3840,2160
Van,1187,978,176,148,frameV4560.jpg,3840,2160
Semi-Truck,1957,787,120,92,frameV4560.jpg,3840,2160
Van,1103,995,190,147,frameV4580.jpg,3840,2160
Car,1292,1059,163,122,frameV4580.jpg,3840,2160
Car,1019,1161,187,120,frameV4580.jpg,3840,2160
Semi-Truck,1942,788,120,88,frameV4580.jpg,3840,2160
Car,2350,1610,445,441,frameV4600.jpg,3840,2160
Car,1200,1107,197,166,frameV4600.jpg,3840,2160
Car,805,1208,236,213,frameV4600.jpg,3840,2160
Van,1003,1022,209,174,frameV4600.jpg,3840,2160
Semi-Truck,1921,792,120,95,frameV4600.jpg,3840,2160
Van,414,1138,399,267,frameV4660.jpg,3840,2160
Car,2168,1169,190,135,frameV4660.jpg,3840,2160
Car,418,1444,519,364,frameV4660.jpg,3840,2160
Semi-Truck,1855,802,122,101,frameV4660.jpg,3840,2160
Car,2338,1483,352,360,frameV4720.jpg,3840,2160
Car,2125,1003,116,120,frameV4720.jpg,3840,2160
Semi-Truck,1761,797,170,143,frameV4720.jpg,3840,2160
Semi-Truck,1730,809,159,132,frameV4740.jpg,3840,2160
Car,2114,991,116,93,frameV4740.jpg,3840,2160
Car,2234,1328,290,244,frameV4740.jpg,3840,2160
Car,2187,1208,228,194,frameV4760.jpg,3840,2160
Car,2117,960,105,85,frameV4760.jpg,3840,2160
Semi-Truck,1711,817,155,132,frameV4760.jpg,3840,2160
Semi-Truck,1665,813,178,151,frameV4780.jpg,3840,2160
Semi-Truck,1649,817,166,159,frameV4800.jpg,3840,2160
Car,2330,1715,561,445,frameV4800.jpg,3840,2160
Car,2160,1095,139,120,frameV4800.jpg,3840,2160
Car,2125,933,89,66,frameV4800.jpg,3840,2160
Van,1496,909,96,81,frameV4800.jpg,3840,2160
Semi-Truck,1630,809,170,182,frameV4820.jpg,3840,2160
Van,1448,914,116,101,frameV4820.jpg,3840,2160
Car,2156,1049,120,108,frameV4820.jpg,3840,2160
Car,2261,1444,360,314,frameV4820.jpg,3840,2160
Car,2222,1274,228,217,frameV4840.jpg,3840,2160
Car,2137,1014,116,85,frameV4840.jpg,3840,2160
Semi-Truck,1556,813,221,197,frameV4840.jpg,3840,2160
Semi-Truck,1514,832,221,197,frameV4860.jpg,3840,2160
Car,2168,1181,232,182,frameV4860.jpg,3840,2160
Car,2121,987,112,93,frameV4860.jpg,3840,2160
Van,1293,948,155,108,frameV4860.jpg,3840,2160
Van,1223,968,159,132,frameV4880.jpg,3840,2160
Semi-Truck,1440,840,283,209,frameV4880.jpg,3840,2160
Car,2137,1115,197,151,frameV4880.jpg,3840,2160
Semi-Truck,1409,828,248,267,frameV4900.jpg,3840,2160
Car,2137,1076,143,124,frameV4900.jpg,3840,2160
Car,2117,948,105,70,frameV4900.jpg,3840,2160
Van,1099,987,190,159,frameV4900.jpg,3840,2160
Van,2497,1525,813,635,frameV4920.jpg,3840,2160
Van,979,1026,197,190,frameV4920.jpg,3840,2160
Semi-Truck,1293,832,321,271,frameV4920.jpg,3840,2160
Car,2137,1010,120,139,frameV4920.jpg,3840,2160
Car,1746,1575,375,430,frameV4940.jpg,3840,2160
Van,778,1053,298,225,frameV4940.jpg,3840,2160
Van,2361,1289,538,658,frameV4940.jpg,3840,2160
Semi-Truck,1212,848,348,333,frameV4940.jpg,3840,2160
Semi-Truck,1084,859,414,368,frameV4960.jpg,3840,2160
Van,2272,1169,395,484,frameV4960.jpg,3840,2160
Van,561,1123,317,259,frameV4960.jpg,3840,2160
Car,1804,1370,279,286,frameV4960.jpg,3840,2160
Car,1862,1212,197,217,frameV4980.jpg,3840,2160
Van,2234,1095,317,403,frameV4980.jpg,3840,2160
Van,194,1181,441,341,frameV4980.jpg,3840,2160
Semi-Truck,906,886,538,387,frameV4980.jpg,3840,2160
Semi-Truck,619,925,716,484,frameV41000.jpg,3840,2160
Van,2183,1053,263,314,frameV41000.jpg,3840,2160
Car,1846,1111,174,201,frameV41000.jpg,3840,2160
Car,2118,945,82,54,frameV41000.jpg,3840,2160
Car,2125,883,67,43,frameV41000.jpg,3840,2160
Car,2226,1525,492,434,frameV41020.jpg,3840,2160
Car,1897,1072,135,155,frameV41020.jpg,3840,2160
Van,2172,1010,217,255,frameV41020.jpg,3840,2160
Semi-Truck,310,917,902,670,frameV41020.jpg,3840,2160
Semi-Truck,0,964,1022,972,frameV41040.jpg,3840,2160
Van,2148,975,213,225,frameV41040.jpg,3840,2160
Car,2152,1363,314,255,frameV41040.jpg,3840,2160
Car,1893,1026,139,135,frameV41040.jpg,3840,2160
Car,2307,1614,414,391,frameV41200.jpg,3840,2160
Car,2031,948,94,81,frameV41200.jpg,3840,2160
Van,2118,865,102,113,frameV41200.jpg,3840,2160
Car,2026,873,52,61,frameV41200.jpg,3840,2160
Car,1685,885,73,48,frameV41200.jpg,3840,2160
Semi-Truck,2255,748,55,53,frameV41200.jpg,3840,2160
Car,2245,1378,283,283,frameV41220.jpg,3840,2160
Car,1650,896,83,62,frameV41220.jpg,3840,2160
Car,2027,933,93,75,frameV41220.jpg,3840,2160
Car,2034,865,53,54,frameV41220.jpg,3840,2160
Car,1877,817,53,43,frameV41220.jpg,3840,2160
Van,2123,862,76,82,frameV41220.jpg,3840,2160
Van,1491,892,113,76,frameV41220.jpg,3840,2160
Car,366,250,77,57,frameV50.jpg,640,360
Car,239,277,86,77,frameV50.jpg,640,360
Car,185,196,48,47,frameV50.jpg,640,360
Motorcycle ,219,165,26,26,frameV50.jpg,640,360
Motorcycle ,197,193,25,37,frameV520.jpg,640,360
Car,125,263,86,77,frameV520.jpg,640,360
Motorcycle ,150,255,42,50,frameV540.jpg,640,360
Car,201,171,37,29,frameV540.jpg,640,360
Car,226,156,33,20,frameV540.jpg,640,360
Car,255,123,23,14,frameV540.jpg,640,360
Car,172,195,52,45,frameV560.jpg,640,360
Car,213,171,34,25,frameV560.jpg,640,360
Car,109,268,83,76,frameV580.jpg,640,360
Car,183,207,50,38,frameV580.jpg,640,360
Car,232,139,27,20,frameV580.jpg,640,360
Car,120,285,93,65,frameV5100.jpg,640,360
Car,217,148,35,29,frameV5100.jpg,640,360
Car,270,161,35,25,frameV5100.jpg,640,360
Car,316,144,29,19,frameV5100.jpg,640,360
Car,264,183,42,36,frameV5120.jpg,640,360
Car,318,157,37,25,frameV5120.jpg,640,360
Car,196,171,45,33,frameV5120.jpg,640,360
Car,272,155,27,24,frameV5120.jpg,640,360
Car,255,241,64,64,frameV5140.jpg,640,360
Car,329,182,53,44,frameV5140.jpg,640,360
Car,265,183,45,30,frameV5140.jpg,640,360
Car,156,216,65,50,frameV5140.jpg,640,360
Car,272,152,36,22,frameV5140.jpg,640,360
Car,244,141,32,23,frameV5140.jpg,640,360
Car,355,238,71,64,frameV5160.jpg,640,360
Car,259,231,55,47,frameV5160.jpg,640,360
Car,270,169,39,39,frameV5160.jpg,640,360
Car,239,153,34,28,frameV5160.jpg,640,360
Car,278,137,30,16,frameV5160.jpg,640,360
Car,261,211,50,41,frameV5180.jpg,640,360
Car,234,173,38,34,frameV5180.jpg,640,360
Car,278,146,28,21,frameV5180.jpg,640,360
Car,246,133,23,18,frameV5180.jpg,640,360
Car,224,218,56,58,frameV5200.jpg,640,360
Car,272,169,35,26,frameV5200.jpg,640,360
Car,228,146,29,23,frameV5200.jpg,640,360
Car,274,131,27,23,frameV5200.jpg,640,360
Car,264,201,54,38,frameV5220.jpg,640,360
Car,208,161,33,27,frameV5220.jpg,640,360
Car,323,153,31,23,frameV5220.jpg,640,360
Car,266,146,28,21,frameV5220.jpg,640,360
Car,260,262,71,65,frameV5240.jpg,640,360
Car,332,169,38,33,frameV5240.jpg,640,360
Car,316,145,36,22,frameV5240.jpg,640,360
Car,254,163,43,27,frameV5240.jpg,640,360
Car,193,186,40,30,frameV5240.jpg,640,360
Car,357,217,59,56,frameV5260.jpg,640,360
Car,245,195,56,44,frameV5260.jpg,640,360
Car,140,242,64,61,frameV5260.jpg,640,360
Car,323,166,39,29,frameV5260.jpg,640,360
Car,254,162,34,27,frameV5260.jpg,640,360
Car,226,148,24,20,frameV5260.jpg,640,360
Car,314,139,28,23,frameV5260.jpg,640,360
Car,239,264,79,73,frameV5280.jpg,640,360
Car,347,197,48,47,frameV5280.jpg,640,360
Car,248,191,39,37,frameV5280.jpg,640,360
Car,207,168,31,23,frameV5280.jpg,640,360
Car,229,142,28,23,frameV5280.jpg,640,360
Car,318,155,37,25,frameV5280.jpg,640,360
Car,278,137,27,20,frameV5280.jpg,640,360
Car,380,272,87,88,frameV5300.jpg,640,360
Car,326,174,47,37,frameV5300.jpg,640,360
Car,234,245,71,70,frameV5300.jpg,640,360
Car,177,194,44,38,frameV5300.jpg,640,360
Car,214,161,34,27,frameV5300.jpg,640,360
Car,270,150,33,22,frameV5300.jpg,640,360
Car,104,266,84,63,frameV5320.jpg,640,360
Car,348,227,85,67,frameV5320.jpg,640,360
Car,185,190,49,39,frameV5320.jpg,640,360
Car,267,174,39,26,frameV5320.jpg,640,360
Car,318,144,30,19,frameV5320.jpg,640,360
Car,142,243,74,60,frameV5340.jpg,640,360
Car,256,215,60,35,frameV5340.jpg,640,360
Car,324,159,36,28,frameV5340.jpg,640,360
Car,276,152,30,16,frameV5340.jpg,640,360
Car,231,142,27,20,frameV5340.jpg,640,360
Car,353,247,86,68,frameV5380.jpg,640,360
Car,267,203,46,36,frameV5380.jpg,640,360
Car,188,179,47,40,frameV5380.jpg,640,360
Car,264,152,42,38,frameV5380.jpg,640,360
Car,318,144,39,33,frameV5380.jpg,640,360
Car,100,269,94,82,frameV5480.jpg,640,360
Car,204,181,44,36,frameV5480.jpg,640,360
Car,331,203,67,43,frameV5480.jpg,640,360
Car,188,178,42,42,frameV5520.jpg,640,360
Car,269,155,29,20,frameV5520.jpg,640,360
Car,223,139,38,27,frameV5520.jpg,640,360
Car,146,228,67,56,frameV5540.jpg,640,360
Car,261,175,43,30,frameV5540.jpg,640,360
Car,274,150,27,27,frameV5540.jpg,640,360
Car,211,155,32,30,frameV5540.jpg,640,360
Van,252,116,24,21,frameV5540.jpg,640,360
Car,175,179,56,41,frameV5560.jpg,640,360
Car,254,207,48,43,frameV5560.jpg,640,360
Car,268,166,36,33,frameV5560.jpg,640,360
Van,239,120,32,30,frameV5560.jpg,640,360
Car,130,221,76,62,frameV5580.jpg,640,360
Van,224,128,36,33,frameV5580.jpg,640,360
Car,237,269,78,75,frameV5580.jpg,640,360
Car,262,194,48,45,frameV5580.jpg,640,360
Car,320,152,33,27,frameV5580.jpg,640,360
Van,188,155,54,60,frameV5620.jpg,640,360
Car,349,216,49,55,frameV5620.jpg,640,360
Car,336,173,41,34,frameV5620.jpg,640,360
Car,352,218,60,50,frameV5640.jpg,640,360
Van,153,185,72,88,frameV5640.jpg,640,360
Van,75,247,122,113,frameV5660.jpg,640,360
Car,360,260,79,63,frameV5700.jpg,640,360
Car,245,226,73,52,frameV5700.jpg,640,360
Car,329,174,45,27,frameV5700.jpg,640,360
Car,270,181,41,32,frameV5700.jpg,640,360
Car,193,174,43,30,frameV5700.jpg,640,360
Car,115,265,78,69,frameV5740.jpg,640,360
Motorcycle ,345,181,23,31,frameV5740.jpg,640,360
Car,190,178,38,36,frameV5740.jpg,640,360
Car,221,152,36,21,frameV5740.jpg,640,360
Motorcycle ,379,232,32,52,frameV5760.jpg,640,360
Car,157,217,54,43,frameV5760.jpg,640,360
Car,323,158,36,28,frameV5760.jpg,640,360
Car,205,167,43,29,frameV5760.jpg,640,360
Car,377,249,72,65,frameV5840.jpg,640,360
Car,257,227,68,55,frameV5840.jpg,640,360
Car,316,158,36,28,frameV5840.jpg,640,360
Car,280,144,23,23,frameV5840.jpg,640,360
Car,220,144,27,25,frameV5840.jpg,640,360
Car,319,195,50,44,frameV5860.jpg,640,360
Car,262,161,43,31,frameV5860.jpg,640,360
Car,203,161,38,25,frameV5860.jpg,640,360
Car,237,139,28,22,frameV5860.jpg,640,360
Car,316,256,81,81,frameV5880.jpg,640,360
Car,253,182,49,45,frameV5880.jpg,640,360
Car,188,179,40,30,frameV5880.jpg,640,360
Car,225,150,33,27,frameV5880.jpg,640,360
Car,274,145,29,25,frameV5880.jpg,640,360
Car,237,247,80,73,frameV5900.jpg,640,360
Car,153,222,63,47,frameV5900.jpg,640,360
Car,203,173,43,34,frameV5900.jpg,640,360
Car,261,166,44,34,frameV5900.jpg,640,360
Car,260,200,60,54,frameV5920.jpg,640,360
Car,169,203,65,52,frameV5920.jpg,640,360
Car,267,159,38,28,frameV5920.jpg,640,360
Car,200,162,38,27,frameV5920.jpg,640,360
Car,250,271,90,89,frameV5940.jpg,640,360
Car,125,263,81,74,frameV5940.jpg,640,360
Car,179,184,49,32,frameV5940.jpg,640,360
Car,258,181,48,38,frameV5940.jpg,640,360
Car,248,242,68,67,frameV5960.jpg,640,360
Car,147,230,59,53,frameV5960.jpg,640,360
Car,274,140,29,21,frameV5960.jpg,640,360
Car,233,137,28,24,frameV5960.jpg,640,360
Car,318,131,25,17,frameV5960.jpg,640,360
Motorcycle ,357,194,21,35,frameV51040.jpg,640,360
Car,254,214,49,51,frameV51040.jpg,640,360
Car,193,173,38,32,frameV51040.jpg,640,360
Car,93,292,104,68,frameV51040.jpg,640,360
Car,235,301,106,59,frameV51040.jpg,640,360
Car,391,306,109,54,frameV51040.jpg,640,360
Motorcycle ,410,269,37,68,frameV51060.jpg,640,360
Car,241,298,92,62,frameV51060.jpg,640,360
Car,157,207,55,46,frameV51060.jpg,640,360
Car,333,181,41,30,frameV51060.jpg,640,360
Car,272,145,32,22,frameV51060.jpg,640,360
Car,319,135,27,19,frameV51060.jpg,640,360
Car,364,236,71,58,frameV51080.jpg,640,360
Car,87,298,93,62,frameV51080.jpg,640,360
Car,265,161,36,29,frameV51080.jpg,640,360
Car,258,188,45,30,frameV51100.jpg,640,360
Car,325,181,48,30,frameV51100.jpg,640,360
Car,357,237,62,56,frameV51120.jpg,640,360
Car,252,227,58,47,frameV51120.jpg,640,360
Car,250,172,41,30,frameV51120.jpg,640,360
Car,272,148,27,27,frameV51120.jpg,640,360
Car,231,142,30,25,frameV51120.jpg,640,360
Car,175,299,87,61,frameV51160.jpg,640,360
Car,256,203,52,47,frameV51160.jpg,640,360
Car,179,188,49,46,frameV51160.jpg,640,360
Car,225,146,26,22,frameV51160.jpg,640,360
Car,273,146,32,26,frameV51160.jpg,640,360
Car,125,245,75,67,frameV51180.jpg,640,360
Car,247,266,75,77,frameV51180.jpg,640,360
Car,264,163,36,28,frameV51180.jpg,640,360
Car,205,165,32,28,frameV51180.jpg,640,360
Car,248,245,61,62,frameV51220.jpg,640,360
Car,112,258,72,65,frameV51220.jpg,640,360
Car,263,184,48,36,frameV51220.jpg,640,360
Car,209,167,42,30,frameV51220.jpg,640,360
Car,234,134,30,23,frameV51220.jpg,640,360
Car,257,227,59,53,frameV51240.jpg,640,360
Car,176,196,58,52,frameV51240.jpg,640,360
Car,219,144,31,32,frameV51240.jpg,640,360
Car,281,137,27,17,frameV51240.jpg,640,360
Car,256,198,58,50,frameV51340.jpg,640,360
Car,254,289,83,71,frameV51360.jpg,640,360
Car,268,155,31,31,frameV51360.jpg,640,360
Car,278,137,21,22,frameV51360.jpg,640,360
Car,260,188,42,38,frameV51380.jpg,640,360
Car,272,152,27,23,frameV51380.jpg,640,360
Car,254,238,65,54,frameV51400.jpg,640,360
Car,266,174,34,25,frameV51400.jpg,640,360
Car,230,147,27,17,frameV51400.jpg,640,360
Car,317,133,29,19,frameV51400.jpg,640,360
Car,282,135,25,16,frameV51400.jpg,640,360
Car,254,210,49,43,frameV51420.jpg,640,360
Car,217,158,34,18,frameV51420.jpg,640,360
Car,274,144,28,27,frameV51420.jpg,640,360
Car,316,144,39,30,frameV51420.jpg,640,360
Car,324,166,50,38,frameV51440.jpg,640,360
Car,267,164,43,35,frameV51440.jpg,640,360
Car,201,179,41,30,frameV51440.jpg,640,360
Car,212,156,41,26,frameV51440.jpg,640,360
Car,342,203,67,50,frameV51460.jpg,640,360
Car,268,190,47,49,frameV51460.jpg,640,360
Car,177,208,54,44,frameV51460.jpg,640,360
Car,193,168,45,39,frameV51460.jpg,640,360
Car,279,134,27,22,frameV51460.jpg,640,360
Car,126,271,83,60,frameV51480.jpg,640,360
Car,252,254,85,83,frameV51480.jpg,640,360
Car,385,295,124,65,frameV51480.jpg,640,360
Car,161,204,72,46,frameV51480.jpg,640,360
Car,184,201,43,34,frameV60.jpg,640,360
Car,99,211,49,43,frameV60.jpg,640,360
Car,366,196,35,45,frameV60.jpg,640,360
Car,432,214,37,41,frameV60.jpg,640,360
Car,517,234,65,56,frameV60.jpg,640,360
Semi-Truck,375,133,32,39,frameV60.jpg,640,360
Car,263,179,28,25,frameV60.jpg,640,360
Car,415,295,81,65,frameV620.jpg,640,360
Car,195,256,64,48,frameV620.jpg,640,360
Car,204,185,40,32,frameV620.jpg,640,360
Car,136,190,42,36,frameV620.jpg,640,360
Semi-Truck,384,135,48,47,frameV620.jpg,640,360
Semi-Truck,41,225,123,120,frameV640.jpg,640,360
Semi-Truck,402,140,71,69,frameV640.jpg,640,360
Car,353,192,36,36,frameV640.jpg,640,360
Car,233,212,43,37,frameV640.jpg,640,360
Car,160,296,73,64,frameV640.jpg,640,360
Car,209,240,56,51,frameV660.jpg,640,360
Car,250,190,30,28,frameV660.jpg,640,360
Car,357,186,32,29,frameV660.jpg,640,360
Car,392,290,93,70,frameV660.jpg,640,360
Semi-Truck,436,155,144,126,frameV660.jpg,640,360
Semi-Truck,126,190,82,91,frameV660.jpg,640,360
Car,84,260,76,65,frameV6100.jpg,640,360
Car,215,229,46,43,frameV6100.jpg,640,360
Car,446,195,42,34,frameV6100.jpg,640,360
Car,255,188,30,27,frameV6100.jpg,640,360
Van,149,283,85,77,frameV6120.jpg,640,360
Car,559,264,81,76,frameV6120.jpg,640,360
Car,419,174,30,27,frameV6120.jpg,640,360
Car,241,201,36,31,frameV6120.jpg,640,360
Car,155,221,48,43,frameV6120.jpg,640,360
Van,212,224,52,50,frameV6140.jpg,640,360
Car,478,213,56,44,frameV6140.jpg,640,360
Car,406,166,27,25,frameV6140.jpg,640,360
Car,193,195,36,41,frameV6140.jpg,640,360
Car,257,183,25,25,frameV6140.jpg,640,360
Car,6,258,92,59,frameV6140.jpg,640,360
Car,32,315,94,45,frameV6140.jpg,640,360
Car,196,263,57,54,frameV6200.jpg,640,360
Car,206,190,27,28,frameV6200.jpg,640,360
Car,172,184,28,27,frameV6200.jpg,640,360
Van,75,272,75,75,frameV6220.jpg,640,360
Car,228,218,46,41,frameV6220.jpg,640,360
Car,51,236,67,49,frameV6220.jpg,640,360
Car,223,175,27,25,frameV6220.jpg,640,360
Car,188,175,36,22,frameV6220.jpg,640,360
Car,74,276,86,70,frameV6260.jpg,640,360
Car,465,247,73,63,frameV6260.jpg,640,360
Van,12,227,101,92,frameV6280.jpg,640,360
Semi-Truck,373,128,28,35,frameV6280.jpg,640,360
Semi-Truck,345,126,25,31,frameV6280.jpg,640,360
Semi-Truck,381,134,33,39,frameV6300.jpg,640,360
Semi-Truck,354,134,28,31,frameV6300.jpg,640,360
Van,92,207,61,53,frameV6300.jpg,640,360
Van,134,190,56,45,frameV6320.jpg,640,360
Semi-Truck,395,144,49,47,frameV6320.jpg,640,360
Semi-Truck,362,138,34,40,frameV6320.jpg,640,360
Car,197,274,65,56,frameV6320.jpg,640,360
Car,254,187,32,34,frameV6320.jpg,640,360
Car,214,188,28,25,frameV6320.jpg,640,360
Car,0,257,88,76,frameV6320.jpg,640,360
Semi-Truck,428,153,76,77,frameV6340.jpg,640,360
Semi-Truck,375,147,56,69,frameV6340.jpg,640,360
Van,166,177,41,36,frameV6340.jpg,640,360
Car,230,221,44,47,frameV6340.jpg,640,360
Car,105,258,72,63,frameV6340.jpg,640,360
Car,75,214,64,70,frameV6340.jpg,640,360
Semi-Truck,515,179,125,160,frameV6360.jpg,640,360
Semi-Truck,408,159,109,131,frameV6360.jpg,640,360
Car,363,208,41,43,frameV6360.jpg,640,360
Car,206,252,55,37,frameV6360.jpg,640,360
Car,170,218,38,44,frameV6360.jpg,640,360
Car,131,192,42,53,frameV6360.jpg,640,360
Car,252,199,30,23,frameV6360.jpg,640,360
Car,238,209,38,27,frameV6380.jpg,640,360
Car,195,195,35,33,frameV6380.jpg,640,360
Van,189,244,70,80,frameV6460.jpg,640,360
Van,471,198,51,45,frameV6460.jpg,640,360
Van,229,206,46,51,frameV6480.jpg,640,360
Van,397,174,49,65,frameV6520.jpg,640,360
Bus,0,234,89,91,frameV6520.jpg,640,360
Bus,78,209,54,56,frameV6540.jpg,640,360
Van,470,245,141,115,frameV6540.jpg,640,360
Semi-Truck,0,194,93,166,frameV6560.jpg,640,360
Bus,119,193,47,45,frameV6560.jpg,640,360
Semi-Truck,0,167,135,193,frameV6580.jpg,640,360
Car,531,243,77,60,frameV6580.jpg,640,360
Car,420,186,45,28,frameV6580.jpg,640,360
Car,351,186,36,30,frameV6580.jpg,640,360
Car,199,269,67,57,frameV6580.jpg,640,360
Car,163,221,46,39,frameV6580.jpg,640,360
Van,146,205,70,59,frameV6640.jpg,640,360
Semi-Truck,112,148,100,72,frameV6640.jpg,640,360
Car,449,205,47,29,frameV6640.jpg,640,360
Car,209,249,54,44,frameV6640.jpg,640,360
Car,45,244,71,50,frameV6640.jpg,640,360
Semi-Truck,150,137,73,71,frameV6660.jpg,640,360
Van,188,183,49,60,frameV6660.jpg,640,360
Van,353,156,34,30,frameV6660.jpg,640,360
Car,551,267,89,73,frameV6660.jpg,640,360
Car,100,268,79,54,frameV6660.jpg,640,360
Car,107,220,47,36,frameV6660.jpg,640,360
Car,232,219,40,33,frameV6660.jpg,640,360
Bus,381,179,49,55,frameV6680.jpg,640,360
Semi-Truck,0,182,108,178,frameV6680.jpg,640,360
Semi-Truck,176,139,59,60,frameV6680.jpg,640,360
Bus,448,243,137,117,frameV6700.jpg,640,360
Semi-Truck,0,168,151,192,frameV6700.jpg,640,360
Semi-Truck,191,133,58,50,frameV6700.jpg,640,360
Car,201,246,52,55,frameV6700.jpg,640,360
Car,454,201,63,38,frameV6700.jpg,640,360
Car,353,190,37,28,frameV6700.jpg,640,360
Car,403,187,30,29,frameV6700.jpg,640,360
Car,187,201,46,37,frameV6700.jpg,640,360
Car,261,185,28,27,frameV6700.jpg,640,360
Semi-Truck,83,154,120,93,frameV6740.jpg,640,360
Car,122,247,72,45,frameV6740.jpg,640,360
Car,497,223,47,49,frameV6740.jpg,640,360
Car,245,194,36,27,frameV6740.jpg,640,360
Semi-Truck,137,145,78,75,frameV6760.jpg,640,360
Car,389,238,58,52,frameV6760.jpg,640,360
Car,459,214,58,41,frameV6760.jpg,640,360
Car,174,295,74,57,frameV6760.jpg,640,360
Car,48,299,93,61,frameV6760.jpg,640,360
Car,0,261,89,61,frameV6760.jpg,640,360
Car,167,219,55,30,frameV6760.jpg,640,360
Semi-Truck,163,140,65,65,frameV6780.jpg,640,360
Car,216,238,51,45,frameV6780.jpg,640,360
Car,129,243,49,60,frameV6780.jpg,640,360
Car,81,219,60,49,frameV6780.jpg,640,360
Semi-Truck,188,142,50,54,frameV6800.jpg,640,360
Car,188,253,60,57,frameV6800.jpg,640,360
Car,481,210,54,56,frameV6800.jpg,640,360
Car,405,195,34,32,frameV6800.jpg,640,360
Car,236,212,39,31,frameV6800.jpg,640,360
Car,168,214,37,38,frameV6800.jpg,640,360
Van,6,287,124,73,frameV6800.jpg,640,360
Semi-Truck,221,132,38,43,frameV6860.jpg,640,360
Car,358,197,39,27,frameV6860.jpg,640,360
Car,0,259,80,60,frameV6860.jpg,640,360
Van,190,194,38,35,frameV6860.jpg,640,360
Van,137,181,49,49,frameV6860.jpg,640,360
Car,392,283,85,77,frameV6880.jpg,640,360
Car,32,300,114,60,frameV6880.jpg,640,360
Car,195,254,61,55,frameV6880.jpg,640,360
Car,82,216,50,50,frameV6880.jpg,640,360
Car,120,240,70,60,frameV6900.jpg,640,360
Car,0,254,82,77,frameV6900.jpg,640,360
Car,450,249,74,57,frameV6900.jpg,640,360
Car,467,208,50,35,frameV6900.jpg,640,360
Car,226,215,47,41,frameV6900.jpg,640,360
Car,126,199,40,36,frameV6900.jpg,640,360
Motorcycle ,176,254,22,41,frameV6920.jpg,640,360
Car,201,254,58,53,frameV6920.jpg,640,360
Car,371,229,50,45,frameV6920.jpg,640,360
Car,351,180,30,30,frameV6920.jpg,640,360
Car,164,216,52,36,frameV6920.jpg,640,360
Car,68,227,70,47,frameV6920.jpg,640,360
Car,244,197,36,27,frameV6920.jpg,640,360
Car,392,181,29,26,frameV6920.jpg,640,360
Car,90,261,88,63,frameV61100.jpg,640,360
Van,410,187,48,49,frameV61100.jpg,640,360
Car,358,204,44,39,frameV61100.jpg,640,360
Van,492,248,146,112,frameV61120.jpg,640,360
Car,408,197,39,28,frameV61120.jpg,640,360
Car,47,243,74,61,frameV61120.jpg,640,360
Car,351,192,38,28,frameV61120.jpg,640,360
Car,157,221,51,43,frameV61120.jpg,640,360
Car,183,176,32,23,frameV61120.jpg,640,360
Car,512,233,71,60,frameV61220.jpg,640,360
Car,441,232,56,45,frameV61220.jpg,640,360
Car,379,237,52,51,frameV61220.jpg,640,360
Car,167,287,83,73,frameV61220.jpg,640,360
Car,89,274,89,60,frameV61220.jpg,640,360
Car,0,268,76,70,frameV61220.jpg,640,360
Car,241,200,45,28,frameV61220.jpg,640,360
Car,455,236,48,58,frameV61260.jpg,640,360
Van,394,171,37,40,frameV61260.jpg,640,360
Car,476,212,54,45,frameV61260.jpg,640,360
Car,375,226,50,45,frameV61260.jpg,640,360
Car,239,202,38,35,frameV61260.jpg,640,360
Car,188,203,38,32,frameV61260.jpg,640,360
Car,144,249,59,45,frameV61260.jpg,640,360
Car,126,197,52,34,frameV61260.jpg,640,360
Car,344,164,28,26,frameV61260.jpg,640,360
Car,430,181,33,27,frameV61260.jpg,640,360
Van,135,218,67,60,frameV61320.jpg,640,360
Van,216,226,60,50,frameV61320.jpg,640,360
Van,201,180,37,39,frameV61360.jpg,640,360
Car,197,263,56,47,frameV61440.jpg,640,360
Semi-Truck,0,192,190,168,frameV61440.jpg,640,360
Car,472,263,73,65,frameV61440.jpg,640,360
Car,364,222,53,53,frameV61440.jpg,640,360
Car,195,197,37,30,frameV61440.jpg,640,360
Semi-Truck,138,159,103,103,frameV61480.jpg,640,360
Car,159,311,76,49,frameV61480.jpg,640,360
Car,482,215,49,42,frameV61480.jpg,640,360
Car,245,202,32,29,frameV61480.jpg,640,360
Car,206,250,56,43,frameV61500.jpg,640,360
Car,434,188,46,32,frameV61500.jpg,640,360
Car,256,187,34,27,frameV61500.jpg,640,360
Semi-Truck,175,153,73,81,frameV61500.jpg,640,360
Semi-Truck,201,144,61,60,frameV61520.jpg,640,360
Car,517,246,94,74,frameV61520.jpg,640,360
Car,367,205,41,38,frameV61520.jpg,640,360
Car,395,185,35,27,frameV61520.jpg,640,360
Car,234,215,38,38,frameV61520.jpg,640,360
Car,99,263,74,69,frameV61540.jpg,640,360
Car,83,209,66,58,frameV61540.jpg,640,360
Car,467,249,78,65,frameV61540.jpg,640,360
Semi-Truck,219,141,49,53,frameV61540.jpg,640,360
Semi-Truck,230,135,47,55,frameV61560.jpg,640,360
Car,146,293,91,67,frameV61560.jpg,640,360
Car,162,223,52,46,frameV61560.jpg,640,360
Car,141,196,38,34,frameV61560.jpg,640,360
Car,440,196,42,30,frameV61560.jpg,640,360
Car,166,289,79,69,frameV61660.jpg,640,360
Car,61,289,88,71,frameV61660.jpg,640,360
Car,443,235,51,58,frameV61660.jpg,640,360
Car,455,196,52,36,frameV61660.jpg,640,360
Car,545,251,79,76,frameV61660.jpg,640,360
Car,206,240,58,46,frameV61680.jpg,640,360
Car,141,236,54,44,frameV61680.jpg,640,360
Car,373,232,62,66,frameV61680.jpg,640,360
Car,571,273,69,83,frameV61680.jpg,640,360
Car,394,195,45,25,frameV61680.jpg,640,360
Car,253,188,30,23,frameV61680.jpg,640,360
Car,225,176,27,23,frameV61680.jpg,640,360
Bus,12,177,141,124,frameV61700.jpg,640,360
Car,232,212,44,34,frameV61700.jpg,640,360
Car,378,236,50,45,frameV61700.jpg,640,360
Car,462,260,75,66,frameV61700.jpg,640,360
Car,183,210,39,28,frameV61700.jpg,640,360
Bus,0,217,170,143,frameV61720.jpg,640,360
Bus,99,164,91,75,frameV61720.jpg,640,360
Van,471,187,97,89,frameV61720.jpg,640,360
Car,447,236,56,43,frameV61720.jpg,640,360
Car,174,278,74,58,frameV61720.jpg,640,360
Bus,59,182,147,142,frameV61740.jpg,640,360
Bus,161,155,49,54,frameV61740.jpg,640,360
Car,371,214,44,47,frameV61740.jpg,640,360
Car,441,189,44,29,frameV61740.jpg,640,360
Car,215,240,44,37,frameV61740.jpg,640,360
Bus,134,171,97,98,frameV61760.jpg,640,360
Car,233,215,41,28,frameV61760.jpg,640,360
Car,532,241,72,64,frameV61760.jpg,640,360
Car,445,189,38,34,frameV61760.jpg,640,360
Car,182,276,67,69,frameV61760.jpg,640,360
Bus,170,164,76,67,frameV61780.jpg,640,360
Car,542,250,81,62,frameV61780.jpg,640,360
Car,95,249,68,67,frameV61780.jpg,640,360
Car,214,238,51,48,frameV61780.jpg,640,360
Van,491,216,56,53,frameV61800.jpg,640,360
Car,456,241,64,64,frameV61800.jpg,640,360
Car,181,277,64,62,frameV61800.jpg,640,360
Car,136,219,69,45,frameV61800.jpg,640,360
Van,0,218,92,142,frameV61820.jpg,640,360
Car,215,229,50,47,frameV61820.jpg,640,360
Car,373,207,46,39,frameV61820.jpg,640,360
Car,246,194,36,30,frameV61820.jpg,640,360
Car,181,199,42,34,frameV61820.jpg,640,360
Car,173,271,81,67,frameV61840.jpg,640,360
Car,79,282,72,53,frameV61840.jpg,640,360
Car,242,201,32,36,frameV61840.jpg,640,360
Car,206,184,34,31,frameV61840.jpg,640,360
Van,59,198,85,85,frameV61840.jpg,640,360
Car,349,181,27,31,frameV61840.jpg,640,360
Car,394,186,29,25,frameV61840.jpg,640,360
Car,436,184,36,26,frameV61840.jpg,640,360
Van,122,177,62,63,frameV61860.jpg,640,360
Car,513,232,64,55,frameV61860.jpg,640,360
Car,375,249,56,53,frameV61860.jpg,640,360
Car,436,228,64,58,frameV61860.jpg,640,360
Car,212,227,61,56,frameV61860.jpg,640,360
Car,86,260,73,72,frameV62000.jpg,640,360
Car,228,199,44,33,frameV62060.jpg,640,360
Car,155,225,45,43,frameV62060.jpg,640,360
Car,0,256,79,87,frameV62060.jpg,640,360
Car,66,280,85,80,frameV62080.jpg,640,360
Car,75,215,67,57,frameV62080.jpg,640,360
Car,190,201,35,33,frameV62080.jpg,640,360
Car,488,222,57,38,frameV62080.jpg,640,360
Car,391,178,28,28,frameV62080.jpg,640,360
Car,350,177,26,23,frameV62080.jpg,640,360
Car,245,186,33,32,frameV62080.jpg,640,360
Car,137,236,65,47,frameV62100.jpg,640,360
Car,377,225,50,53,frameV62100.jpg,640,360
Car,443,223,47,49,frameV62100.jpg,640,360
Car,127,204,49,32,frameV62100.jpg,640,360
Car,366,219,48,44,frameV62140.jpg,640,360
Car,410,200,39,33,frameV62140.jpg,640,360
Car,425,177,46,34,frameV62140.jpg,640,360
Car,490,288,114,72,frameV62140.jpg,640,360
Car,103,210,73,37,frameV62140.jpg,640,360
Car,224,221,49,38,frameV62140.jpg,640,360
Car,202,192,39,30,frameV62140.jpg,640,360
Car,515,235,76,58,frameV62180.jpg,640,360
Car,421,180,43,31,frameV62180.jpg,640,360
Car,161,215,53,42,frameV62180.jpg,640,360
Car,170,175,43,30,frameV62180.jpg,640,360
Car,501,291,101,69,frameV62180.jpg,640,360
Car,248,186,36,30,frameV62180.jpg,640,360
Car,68,272,89,86,frameV62200.jpg,640,360
Car,186,199,45,30,frameV62200.jpg,640,360
Car,494,219,59,54,frameV62200.jpg,640,360
Car,360,188,39,38,frameV62200.jpg,640,360
Car,97,261,68,58,frameV62300.jpg,640,360
Car,226,207,46,50,frameV62300.jpg,640,360
Car,117,203,54,33,frameV62300.jpg,640,360
Car,166,214,46,39,frameV62300.jpg,640,360
Car,219,180,32,23,frameV62300.jpg,640,360
Car,384,179,36,24,frameV62300.jpg,640,360
Car,168,295,71,63,frameV62300.jpg,640,360
Car,392,266,73,72,frameV62360.jpg,640,360
Car,418,169,40,30,frameV62360.jpg,640,360
Car,176,244,56,50,frameV62360.jpg,640,360
Car,235,213,34,32,frameV62360.jpg,640,360
Car,188,200,35,34,frameV62360.jpg,640,360
Car,186,175,31,21,frameV62360.jpg,640,360
Car,255,185,32,26,frameV62360.jpg,640,360
Car,571,261,69,95,frameV62360.jpg,640,360
Car,483,216,65,46,frameV62380.jpg,640,360
Car,199,225,48,46,frameV62380.jpg,640,360
Car,245,199,36,36,frameV62380.jpg,640,360
Car,262,174,28,31,frameV62380.jpg,640,360
Car,201,193,35,30,frameV62380.jpg,640,360
Semi-Truck,14,137,172,148,frameV62380.jpg,640,360
Car,204,246,56,49,frameV62420.jpg,640,360
Semi-Truck,120,148,92,83,frameV62420.jpg,640,360
Car,396,275,0,1,frameV62420.jpg,640,360
Car,46,237,74,63,frameV62420.jpg,640,360
Car,126,240,65,46,frameV62420.jpg,640,360
Car,398,257,63,76,frameV62420.jpg,640,360
Car,397,183,41,39,frameV62420.jpg,640,360
Car,436,184,37,31,frameV62420.jpg,640,360
Car,345,166,31,25,frameV62420.jpg,640,360
Car,228,202,35,26,frameV62420.jpg,640,360
Car,257,186,32,26,frameV62420.jpg,640,360
Car,219,179,29,24,frameV62420.jpg,640,360
Car,377,214,40,52,frameV62440.jpg,640,360
Car,536,245,64,55,frameV62440.jpg,640,360
Car,497,277,77,75,frameV62440.jpg,640,360
Car,162,305,85,55,frameV62440.jpg,640,360
Car,41,290,92,68,frameV62440.jpg,640,360
Car,100,210,55,48,frameV62440.jpg,640,360
Car,158,213,52,46,frameV62440.jpg,640,360
Car,224,226,44,39,frameV62440.jpg,640,360
Car,240,193,29,28,frameV62440.jpg,640,360
Semi-Truck,145,143,83,68,frameV62440.jpg,640,360